Age,Department,EducationField,Gender,JobRole,MaritalStatus,Salary
41,Sales,Life Sciences,Female,Sales Executive,Single,5993
49,Research & Development,Life Sciences,Male,Research Scientist,Married,5130
37,Research & Development,Other,Male,Laboratory Technician,Single,2090
33,Research & Development,Life Sciences,Female,Research Scientist,Married,2909
27,Research & Development,Medical,Male,Laboratory Technician,Married,3468
32,Research & Development,Life Sciences,Male,Laboratory Technician,Single,3068
59,Research & Development,Medical,Female,Laboratory Technician,Married,2670
30,Research & Development,Life Sciences,Male,Laboratory Technician,Divorced,2693
38,Research & Development,Life Sciences,Male,Manufacturing Director,Single,9526
36,Research & Development,Medical,Male,Healthcare Representative,Married,5237
35,Research & Development,Medical,Male,Laboratory Technician,Married,2426
29,Research & Development,Life Sciences,Female,Laboratory Technician,Single,4193
31,Research & Development,Life Sciences,Male,Research Scientist,Divorced,2911
34,Research & Development,Medical,Male,Laboratory Technician,Divorced,2661
28,Research & Development,Life Sciences,Male,Laboratory Technician,Single,2028
29,Research & Development,Life Sciences,Female,Manufacturing Director,Divorced,9980
32,Research & Development,Life Sciences,Male,Research Scientist,Divorced,3298
22,Research & Development,Medical,Male,Laboratory Technician,Divorced,2935
53,Sales,Life Sciences,Female,Manager,Married,15427
38,Research & Development,Life Sciences,Male,Research Scientist,Single,3944
24,Research & Development,Other,Female,Manufacturing Director,Divorced,4011
36,Sales,Life Sciences,Male,Sales Representative,Single,3407
34,Research & Development,Life Sciences,Female,Research Director,Single,11994
21,Research & Development,Life Sciences,Male,Research Scientist,,1232
34,Research & Development,,Male,Research Scientist,Single,2960
53,Research & Development,Other,Female,Manager,Divorced,19094
32,Research & Development,Life Sciences,Female,Research Scientist,Single,3919
42,Sales,Marketing,Male,Sales Executive,Married,6825
44,Research & Development,Medical,Female,Healthcare Representative,Married,10248
46,Sales,Marketing,Female,Manager,Single,18947
33,Research & Development,Medical,Male,Laboratory Technician,Single,2496
44,Research & Development,Other,Male,Healthcare Representative,Married,6465
30,Research & Development,Medical,,Laboratory Technician,Single,2206
39,Sales,Technical Degree,Male,Sales Representative,Married,2086
24,Research & Development,Medical,Male,Research Scientist,Married,2293
43,Research & Development,Medical,Female,Research Scientist,Divorced,2645
50,,Marketing,Male,Sales Representative,Married,2683
35,Sales,Marketing,Female,Sales Representative,Married,2014
36,Research & Development,Life Sciences,Female,Research Scientist,Married,3419
33,Sales,Life Sciences,Female,Sales Executive,Married,5376
35,Research & Development,Other,Male,Laboratory Technician,Divorced,1951
27,Research & Development,Life Sciences,Female,Laboratory Technician,Divorced,2341
26,Research & Development,Life Sciences,Male,Laboratory Technician,Single,2293
27,Sales,Life Sciences,Male,Sales Executive,Single,8726
30,Research & Development,Medical,Female,Laboratory Technician,Single,4011
41,Research & Development,Technical Degree,Female,Research Director,Married,19545
34,,Marketing,Male,,Single,4568
37,Research & Development,Life Sciences,Male,Research Scientist,Married,3022
46,Sales,Marketing,Male,Sales Executive,Single,5772
35,Research & Development,Life Sciences,Male,Laboratory Technician,Married,2269
48,Research & Development,Life Sciences,Male,Laboratory Technician,Single,5381
28,Research & Development,Technical Degree,Male,Laboratory Technician,Single,3441
44,Sales,Marketing,Female,Sales Executive,Divorced,5454
35,Research & Development,Medical,Male,Healthcare Representative,Married,9884
26,Sales,Marketing,Female,Sales Executive,Married,4157
33,Research & Development,Life Sciences,Female,Research Director,Single,13458
35,Sales,Life Sciences,Male,Sales Executive,Married,9069
35,Research & Development,Medical,Female,Laboratory Technician,Married,4014
31,Research & Development,Life Sciences,Male,Laboratory Technician,,5915
37,Research & Development,Life Sciences,Male,Manufacturing Director,Divorced,5993
32,Research & Development,Medical,Male,Manufacturing Director,Married,6162
38,Research & Development,Life Sciences,Female,,Single,2406
50,Research & Development,Medical,Female,Research Director,Divorced,18740
59,Sales,Life Sciences,Female,Sales Executive,Single,7637
36,Research & Development,Technical Degree,Female,Healthcare Representative,Divorced,10096
55,Research & Development,Medical,Female,Manager,Divorced,14756
36,Research & Development,Life Sciences,Male,Manufacturing Director,Single,6499
45,Research & Development,Life Sciences,Male,Research Scientist,Divorced,9724
35,Research & Development,Medical,Male,Research Scientist,Married,2194
36,Research & Development,Medical,Male,Research Scientist,Married,3388
59,Sales,Life Sciences,Female,Sales Executive,Single,5473
29,Research & Development,,Male,Research Scientist,Married,2703
31,Research & Development,Medical,Male,Research Scientist,Single,2501
32,Research & Development,Life Sciences,Male,Research Scientist,Married,6220
36,Research & Development,Life Sciences,Female,Laboratory Technician,Married,3038
31,Research & Development,Life Sciences,Female,Manufacturing Director,Single,4424
35,Sales,Marketing,Male,Sales Executive,Single,4312
45,Research & Development,Other,Male,Research Director,Married,13245
37,Research & Development,Medical,Male,Research Director,Single,13664
46,,Medical,Male,Human Resources,Divorced,5021
30,Research & Development,Life Sciences,Male,Laboratory Technician,Married,5126
35,Research & Development,Medical,Male,Research Scientist,Single,2859
55,Sales,Life Sciences,Male,Sales Executive,Married,10239
38,Research & Development,Medical,Female,Research Scientist,Divorced,5329
34,Research & Development,Medical,Male,Manufacturing Director,Married,4325
56,Research & Development,Life Sciences,Male,Manufacturing Director,Single,7260
23,Sales,,Male,Sales Representative,Divorced,2322
51,Research & Development,Life Sciences,Male,Laboratory Technician,Married,2075
30,Research & Development,Life Sciences,Male,Healthcare Representative,Married,4152
46,Sales,Medical,Male,Sales Executive,Single,9619
40,Research & Development,Life Sciences,Male,Healthcare Representative,Married,13503
51,Sales,Marketing,Male,Sales Executive,Single,5441
30,Sales,Medical,Female,Sales Executive,Divorced,5209
46,Research & Development,Medical,Male,Healthcare Representative,Married,10673
32,Sales,Medical,Male,Sales Executive,Single,5010
54,Research & Development,Technical Degree,Female,Research Director,Married,13549
24,Sales,Other,Female,Sales Executive,Married,4999
28,Sales,Medical,Male,Sales Executive,Married,4221
58,Sales,Medical,Male,Sales Executive,Single,13872
44,Research & Development,Medical,Male,Laboratory Technician,Married,2042
37,Human Resources,Human Resources,Male,Human Resources,Divorced,2073
32,Research & Development,Life Sciences,Male,Research Scientist,Single,2956
20,Research & Development,Life Sciences,Female,Laboratory Technician,Single,2926
34,Research & Development,Other,Female,Research Scientist,Single,4809
37,Research & Development,Life Sciences,Male,Healthcare Representative,Divorced,5163
59,Human Resources,Human Resources,Female,Manager,Married,18844
50,Research & Development,Life Sciences,Female,Research Director,Married,18172
25,Sales,Marketing,Male,Sales Executive,Single,5744
25,Research & Development,Medical,Male,Research Scientist,Married,2889
22,Research & Development,Medical,Female,Laboratory Technician,Single,2871
51,Research & Development,Medical,Female,Healthcare Representative,Single,7484
34,Research & Development,Life Sciences,Male,Laboratory Technician,Single,6074
54,Human Resources,Human Resources,Female,Manager,Single,17328
24,Research & Development,Life Sciences,Male,Laboratory Technician,Married,2774
34,Research & Development,Life Sciences,Female,Research Scientist,Divorced,4505
37,Sales,Life Sciences,Male,Sales Executive,Single,7428
34,Research & Development,Medical,Female,Manager,Single,11631
36,Sales,Technical Degree,Female,Sales Executive,Married,9738
36,Research & Development,Life Sciences,Female,Laboratory Technician,Divorced,2835
43,Sales,Life Sciences,Male,Manager,Married,16959
30,Research & Development,Life Sciences,Male,Research Scientist,Divorced,2613
33,Sales,Marketing,Male,Sales Executive,Married,6146
56,Research & Development,Life Sciences,Female,Research Scientist,Married,4963
51,Research & Development,Life Sciences,Male,Research Director,Single,19537
31,Sales,Life Sciences,Male,Sales Executive,Married,6172
26,Research & Development,Other,Female,Research Scientist,Married,2368
58,Research & Development,Medical,Female,Healthcare Representative,Married,10312
19,Sales,Marketing,Male,Sales Representative,Single,1675
22,Research & Development,Technical Degree,Male,Laboratory Technician,Married,2523
49,Research & Development,Medical,Female,Manufacturing Director,Married,6567
43,Research & Development,Medical,Female,Research Scientist,Single,4739
50,Sales,Marketing,Female,Sales Executive,Single,9208
31,Sales,Life Sciences,Female,Sales Executive,Married,4559
41,Sales,Life Sciences,Male,Sales Executive,Divorced,8189
26,Human Resources,Life Sciences,Female,Human Resources,Married,2942
36,Research & Development,Medical,Male,Manufacturing Director,Divorced,4941
51,Research & Development,Life Sciences,Male,Manufacturing Director,Single,10650
39,Sales,Life Sciences,Female,Sales Executive,Married,5902
25,Sales,Life Sciences,Male,Sales Executive,Married,8639
30,Human Resources,Human Resources,Male,Human Resources,Married,6347
32,Research & Development,Medical,Female,Laboratory Technician,Single,4200
45,Research & Development,Medical,Male,Research Scientist,Single,3452
38,Research & Development,Technical Degree,Female,Research Scientist,Single,4317
30,Research & Development,Life Sciences,Female,Research Scientist,Single,2632
32,Sales,Medical,Male,Sales Executive,Divorced,4668
30,Research & Development,Technical Degree,Female,Research Scientist,Divorced,3204
30,Research & Development,Medical,Male,Laboratory Technician,Single,2720
41,Research & Development,Life Sciences,Male,Manager,Divorced,17181
41,Research & Development,Life Sciences,Male,Laboratory Technician,Married,2238
19,Research & Development,Medical,Female,Laboratory Technician,Single,1483
40,Research & Development,Medical,Female,Research Scientist,Divorced,5605
35,Sales,Marketing,Male,Sales Executive,Married,7295
53,Sales,Marketing,Male,Sales Representative,Married,2306
45,Research & Development,Life Sciences,Male,Laboratory Technician,Divorced,2348
32,Sales,Marketing,Female,Sales Executive,Single,8998
29,Research & Development,Technical Degree,Male,Manufacturing Director,Married,4319
51,Research & Development,Medical,Male,,Married,6132
58,Research & Development,Medical,,Research Scientist,Married,3346
40,Sales,Marketing,Male,Sales Executive,Married,10855
34,Sales,Marketing,Female,Sales Representative,Married,2231
22,Research & Development,Medical,Male,Research Scientist,Married,2323
27,Research & Development,Medical,Male,Research Scientist,Divorced,2024
28,Research & Development,Medical,Male,Research Scientist,Married,2713
57,Research & Development,Life Sciences,Male,Healthcare Representative,Divorced,9439
27,Research & Development,Medical,Male,Research Scientist,Divorced,2566
50,Research & Development,Life Sciences,Female,Manager,Single,19926
41,Research & Development,Life Sciences,Male,Research Scientist,Divorced,2451
30,Sales,Life Sciences,Female,Sales Executive,Married,9419
38,Sales,Life Sciences,Female,Sales Executive,Single,8686
32,Research & Development,,Male,Research Scientist,Single,3038
27,Research & Development,Technical Degree,Male,Research Scientist,Married,3058
19,,Technical Degree,Female,Sales Representative,Single,2325
36,Research & Development,Medical,Male,Laboratory Technician,Single,2088
30,Research & Development,Medical,Male,Laboratory Technician,Divorced,3072
45,Sales,Life Sciences,Female,Sales Executive,Divorced,5006
56,Research & Development,Life Sciences,Female,Research Scientist,Divorced,4257
33,Research & Development,Life Sciences,Male,Research Scientist,Single,2500
19,Research & Development,Life Sciences,Male,Laboratory Technician,Single,1102
46,Sales,Marketing,Female,Sales Executive,Divorced,10453
38,Research & Development,Life Sciences,Female,Laboratory Technician,Single,2288
31,Research & Development,Medical,Female,Research Scientist,Married,
34,Research & Development,Medical,Female,Research Scientist,Single,2311
41,Sales,Marketing,Female,Sales Representative,Single,3140
50,Research & Development,Medical,Male,Laboratory Technician,Married,3690
53,Research & Development,Medical,Female,Manufacturing Director,Divorced,4450
33,Research & Development,Medical,Female,,Married,2756
40,,Medical,Female,Manager,Married,19033
55,Research & Development,Medical,Male,Research Director,Single,18722
34,Research & Development,Life Sciences,Male,Manufacturing Director,Married,9547
51,Research & Development,Medical,Female,Healthcare Representative,Single,13734
52,Research & Development,,Male,Manager,Married,19999
27,Research & Development,Medical,Female,Research Scientist,Single,2279
35,Research & Development,Life Sciences,Male,,Married,5916
43,Research & Development,Medical,Male,Research Scientist,Divorced,2089
45,Research & Development,Medical,Male,Manager,Married,
37,Research & Development,Life Sciences,Male,Research Scientist,Married,3564
35,Research & Development,Medical,Female,Laboratory Technician,Single,4425
42,Research & Development,Medical,Female,Manufacturing Director,Divorced,5265
38,Research & Development,Life Sciences,Male,Manufacturing Director,Married,6553
38,Research & Development,Technical Degree,Male,Manufacturing Director,Married,6261
27,Research & Development,Technical Degree,Male,Manufacturing Director,Married,4298
49,Research & Development,Life Sciences,Male,Manufacturing Director,Divorced,6804
34,Research & Development,Medical,Male,Research Scientist,Divorced,3815
40,,Medical,Male,Laboratory Technician,Married,2741
38,Research & Development,Medical,Male,Healthcare Representative,Married,6673
29,Sales,Marketing,,Sales Executive,Married,7639
22,Research & Development,Life Sciences,Male,Research Scientist,Divorced,2328
36,Research & Development,Medical,Female,Laboratory Technician,Single,2153
40,Research & Development,Life Sciences,Male,Healthcare Representative,Married,4876
46,Research & Development,Medical,Male,Healthcare Representative,Divorced,9396
32,Sales,Medical,Male,Sales Executive,Married,10400
30,Research & Development,Life Sciences,Male,Manufacturing Director,Single,8474
27,Sales,Life Sciences,Female,,Single,9981
51,Research & Development,Life Sciences,Male,Research Director,Married,12490
30,Research & Development,Technical Degree,Female,Research Scientist,Single,2657
41,Sales,Life Sciences,Female,Manager,Single,13591
30,Sales,Marketing,Female,Sales Executive,Single,6696
29,Research & Development,Technical Degree,Male,Research Scientist,Single,2058
45,Sales,Medical,Female,Sales Executive,Single,8865
54,Sales,Marketing,Female,Sales Executive,Married,5940
36,Research & Development,Life Sciences,Male,Laboratory Technician,Single,5914
33,Research & Development,Medical,Female,Research Scientist,Married,2622
37,Research & Development,Other,Male,Research Director,Divorced,12185
38,Sales,Life Sciences,Male,Sales Executive,Divorced,10609
31,Research & Development,Medical,Male,Manufacturing Director,Married,4345
59,Research & Development,Life Sciences,Male,Research Scientist,Married,2177
37,Sales,Marketing,Male,Sales Representative,Divorced,2793
29,Sales,Medical,Female,Sales Executive,Married,7918
35,Sales,Marketing,Female,Sales Executive,Single,8789
29,Research & Development,Medical,Male,Research Scientist,Single,2389
52,Research & Development,Life Sciences,Female,Laboratory Technician,Single,3212
42,Research & Development,Technical Degree,Male,Manager,Married,19232
59,Human Resources,Medical,Male,Human Resources,Married,2267
50,Sales,Medical,Female,Manager,Divorced,19517
33,Research & Development,Medical,Male,Laboratory Technician,Married,2436
43,Sales,Marketing,Female,Manager,Married,16064
33,Research & Development,Life Sciences,Female,Laboratory Technician,Married,2707
52,Sales,Life Sciences,Male,Manager,Single,19068
32,Sales,Life Sciences,Female,Sales Representative,Married,3931
32,Research & Development,Life Sciences,Male,Laboratory Technician,Single,3730
39,Research & Development,Medical,Female,Laboratory Technician,Divorced,2232
32,Sales,Marketing,Male,Sales Executive,Married,4465
41,Research & Development,Life Sciences,Male,Research Scientist,Divorced,3072
40,Research & Development,Technical Degree,Male,Research Scientist,Divorced,3319
45,Research & Development,Other,Male,Manager,Married,19202
31,Research & Development,Medical,Male,Research Director,Divorced,13675
33,Research & Development,Life Sciences,Female,Research Scientist,Married,2911
34,Research & Development,Life Sciences,Male,Manufacturing Director,Married,5957
37,Research & Development,Medical,Female,Research Scientist,Married,3920
45,Research & Development,Life Sciences,Male,Manufacturing Director,Married,6434
37,Research & Development,Medical,Male,Manufacturing Director,Divorced,10048
39,Research & Development,Technical Degree,Female,Healthcare Representative,Single,10938
29,Research & Development,Life Sciences,Male,Research Scientist,Single,2340
42,Research & Development,Life Sciences,Female,Research Scientist,Single,6545
29,Sales,Marketing,Male,Sales Executive,Divorced,6931
25,Research & Development,Life Sciences,Female,Manufacturing Director,Married,4898
42,Research & Development,Medical,Female,Laboratory Technician,Divorced,2593
40,Research & Development,Medical,Male,Research Director,Divorced,19436
51,Research & Development,Life Sciences,Male,Research Scientist,Married,2723
31,Research & Development,Medical,Male,Laboratory Technician,Single,3479
32,Research & Development,Life Sciences,Male,Laboratory Technician,Married,2794
38,Sales,Life Sciences,Male,Sales Executive,Married,5249
32,Research & Development,Technical Degree,Male,Laboratory Technician,Single,2176
46,Sales,Technical Degree,Female,Manager,Married,16872
28,Research & Development,Life Sciences,Male,Laboratory Technician,Single,3485
29,Sales,Medical,Male,Sales Executive,Married,6644
31,Research & Development,Medical,Male,Healthcare Representative,Married,5582
25,Research & Development,Life Sciences,Male,Healthcare Representative,Divorced,4000
45,Research & Development,Medical,Male,Healthcare Representative,Married,13496
36,Research & Development,Life Sciences,Male,Laboratory Technician,Married,3210
55,Research & Development,Medical,Male,Manager,Single,19045
47,Research & Development,Life Sciences,Male,Manager,Married,11849
28,Research & Development,Medical,Male,Research Scientist,Married,2070
37,Sales,Medical,Male,Sales Executive,Married,6502
21,Research & Development,Medical,Male,Research Scientist,Single,3230
37,Research & Development,Medical,Female,Research Director,Divorced,13603
35,Research & Development,Life Sciences,Female,Manager,Divorced,11996
38,Sales,Medical,Female,Sales Executive,Divorced,5605
26,Research & Development,Life Sciences,Female,Manufacturing Director,Divorced,6397
50,Research & Development,Life Sciences,Male,Research Director,Divorced,19144
53,Research & Development,Medical,Male,Research Director,Married,17584
42,Sales,Life Sciences,Male,Sales Executive,Married,4907
29,Sales,Life Sciences,Male,Sales Executive,Single,4554
55,Research & Development,Technical Degree,Male,Laboratory Technician,Married,5415
26,Research & Development,Medical,Male,Healthcare Representative,Married,4741
37,Research & Development,Life Sciences,Female,Research Scientist,Single,2115
44,Research & Development,Life Sciences,Male,Laboratory Technician,Divorced,3161
38,Research & Development,Life Sciences,Male,Healthcare Representative,Divorced,5745
26,Research & Development,Medical,Male,Laboratory Technician,Divorced,2373
28,Research & Development,Life Sciences,Female,Research Scientist,Single,3310
49,Research & Development,Life Sciences,Female,Research Director,Single,18665
36,Research & Development,Technical Degree,Male,Research Scientist,Single,4485
31,Sales,Marketing,Female,Sales Representative,Divorced,2789
26,Sales,Marketing,Male,Sales Executive,Single,5828
37,Research & Development,Medical,Male,Research Scientist,Married,2326
42,Sales,Marketing,Female,Sales Executive,Married,13525
18,Research & Development,Life Sciences,Male,Laboratory Technician,Single,1420
35,Sales,Marketing,Male,Sales Executive,Married,8020
36,Research & Development,Life Sciences,Male,Laboratory Technician,Married,3688
51,Research & Development,Medical,Male,Manufacturing Director,Divorced,5482
41,Sales,Life Sciences,Male,Manager,Single,16015
18,Sales,Medical,Female,Sales Representative,Single,1200
28,Research & Development,Medical,Male,Healthcare Representative,Single,5661
31,Sales,Technical Degree,Male,Sales Executive,Married,6929
39,Research & Development,Medical,Male,Healthcare Representative,Divorced,9613
36,Research & Development,Life Sciences,Female,Laboratory Technician,Married,5674
32,Sales,Life Sciences,Male,Sales Executive,Married,5484
38,Research & Development,Life Sciences,Female,Research Director,Married,12061
58,Research & Development,Life Sciences,Male,Healthcare Representative,Divorced,5660
31,Research & Development,Technical Degree,Male,Research Scientist,Married,4821
31,Human Resources,Human Resources,Male,Human Resources,Married,6410
45,Research & Development,Life Sciences,Male,Laboratory Technician,Divorced,5210
31,Research & Development,Life Sciences,Male,Research Scientist,Divorced,2695
33,Research & Development,Life Sciences,Female,Manager,Married,11878
39,Research & Development,Medical,Male,Manager,Married,17068
43,Research & Development,Life Sciences,Female,Laboratory Technician,Single,2455
49,Research & Development,Technical Degree,Female,Healthcare Representative,Single,13964
52,Research & Development,Medical,Male,Research Scientist,Married,4941
27,Research & Development,Life Sciences,Female,Research Scientist,Single,2478
32,Sales,Technical Degree,Female,Sales Executive,Married,5228
27,Sales,Life Sciences,Male,Sales Executive,Single,4478
31,Sales,Marketing,Male,Sales Executive,Divorced,7547
32,Research & Development,Medical,Female,Research Scientist,Single,5055
28,Research & Development,Medical,Male,Research Scientist,Married,3464
30,Research & Development,Medical,Female,Research Scientist,Married,5775
31,Research & Development,Life Sciences,Female,Manufacturing Director,Married,8943
39,Research & Development,Medical,Male,Manager,Married,19272
39,Sales,Medical,Female,Sales Executive,Married,5238
33,Sales,Marketing,Male,Sales Executive,Single,4682
47,Research & Development,Life Sciences,Male,Research Director,Married,18300
43,Research & Development,Life Sciences,Female,Laboratory Technician,Divorced,5257
27,Sales,Marketing,Male,Sales Executive,Married,6349
54,Research & Development,Life Sciences,Female,Research Scientist,Single,4869
43,Research & Development,Life Sciences,Female,Healthcare Representative,Married,9985
45,Research & Development,Other,Male,Research Scientist,Married,3697
40,Sales,Medical,Male,Sales Executive,Married,7457
29,Research & Development,Other,Male,Laboratory Technician,Married,2119
29,Research & Development,Other,Male,Laboratory Technician,Single,3983
30,Sales,Marketing,Female,Sales Executive,Divorced,6118
27,Sales,Marketing,Female,Sales Executive,Married,6214
37,Research & Development,Medical,Male,Manufacturing Director,Divorced,6347
38,Research & Development,Life Sciences,Male,Research Director,Divorced,11510
31,Research & Development,Medical,Female,Manufacturing Director,Single,7143
29,Sales,Marketing,Female,Sales Executive,Divorced,8268
35,Research & Development,Technical Degree,Male,Manufacturing Director,Single,8095
23,Research & Development,Life Sciences,Male,Research Scientist,Divorced,2904
41,Research & Development,Medical,Male,Manufacturing Director,Single,6032
47,Sales,Medical,Male,Sales Representative,Single,2976
42,Research & Development,Life Sciences,Female,Research Director,Single,15992
29,Sales,Life Sciences,Male,Sales Executive,Married,4649
42,Human Resources,Technical Degree,Male,Human Resources,Divorced,2696
32,Research & Development,Medical,Female,Laboratory Technician,Married,2370
48,Sales,Medical,Female,Manager,Married,12504
37,Research & Development,Medical,Male,Research Scientist,Divorced,5974
30,Sales,Technical Degree,Female,Sales Executive,Married,4736
26,Sales,Life Sciences,Male,Sales Executive,Married,5296
42,Research & Development,Other,Male,Healthcare Representative,Single,6781
21,Sales,Technical Degree,Female,Sales Representative,Single,2174
36,Sales,Medical,Female,Sales Executive,Single,6653
36,Sales,Medical,Male,Sales Executive,Married,9699
57,Research & Development,Medical,Male,Healthcare Representative,Married,6755
40,Research & Development,Life Sciences,Female,Laboratory Technician,Married,2213
21,Sales,Medical,Male,Sales Representative,Single,2610
33,Sales,Marketing,Female,Sales Representative,Single,2851
37,Research & Development,Medical,Female,Laboratory Technician,Married,3452
46,Research & Development,Medical,Female,Manufacturing Director,Married,5258
41,Sales,Marketing,Male,Sales Executive,Single,9355
50,Research & Development,Technical Degree,Male,Healthcare Representative,Single,10496
40,Sales,Marketing,Male,Sales Executive,Married,6380
31,Research & Development,Life Sciences,Male,Research Scientist,Single,2657
21,Sales,Life Sciences,Female,Sales Representative,Single,2716
29,Research & Development,Life Sciences,Male,Research Scientist,Single,2201
35,Research & Development,Life Sciences,Male,Healthcare Representative,Single,6540
27,Research & Development,Medical,Male,Laboratory Technician,Divorced,3816
28,Sales,Life Sciences,Male,Sales Executive,Single,5253
49,Research & Development,Other,Male,Healthcare Representative,Single,10965
51,Sales,Life Sciences,Female,Sales Executive,Married,4936
36,Research & Development,Life Sciences,Female,Research Scientist,Married,2543
34,Sales,Marketing,Male,Sales Executive,Single,5304
55,Research & Development,Life Sciences,Female,Manager,Single,16659
24,Sales,Marketing,Female,Sales Executive,Divorced,4260
30,Sales,Technical Degree,Male,Sales Representative,Married,2476
26,Research & Development,Technical Degree,Male,Research Scientist,Single,3102
22,Research & Development,Medical,Female,Research Scientist,Married,2244
36,Sales,Medical,Male,Sales Executive,Married,7596
30,Research & Development,Technical Degree,Male,Research Scientist,Single,2285
37,Research & Development,Life Sciences,Female,Laboratory Technician,Divorced,3034
40,Sales,Marketing,Female,Sales Executive,Divorced,5715
42,Research & Development,Life Sciences,Female,Laboratory Technician,Divorced,2576
37,Research & Development,Life Sciences,Male,Manufacturing Director,Single,4197
43,Research & Development,Life Sciences,Male,Research Director,Divorced,14336
40,Research & Development,Medical,Female,Laboratory Technician,Married,3448
54,Research & Development,Medical,Male,Research Director,Married,19406
34,Sales,Marketing,Female,Sales Executive,Married,6538
31,Research & Development,Medical,Female,Manufacturing Director,Married,4306
43,Research & Development,Medical,Male,Laboratory Technician,Married,2258
43,Research & Development,Other,Female,Healthcare Representative,Divorced,4522
25,Sales,Life Sciences,Female,Sales Executive,Single,4487
37,Research & Development,Medical,Female,Research Scientist,Married,4449
31,Research & Development,Life Sciences,Male,Laboratory Technician,Married,2218
39,Research & Development,Life Sciences,Male,Manager,Divorced,19197
56,Sales,Life Sciences,Female,Sales Executive,Married,13212
30,Sales,Technical Degree,Female,Sales Executive,Single,6577
41,Sales,Marketing,Male,Sales Executive,Married,8392
28,Research & Development,Medical,Male,Laboratory Technician,Divorced,4558
25,Research & Development,Medical,Male,Laboratory Technician,Married,4031
52,Research & Development,Medical,Male,Manufacturing Director,Married,7969
45,Research & Development,Life Sciences,Male,Research Scientist,Married,2654
52,Research & Development,Life Sciences,Female,Manager,Married,16555
42,Research & Development,Life Sciences,Female,Research Scientist,Divorced,4556
30,Research & Development,Life Sciences,Female,Manufacturing Director,Single,6091
60,Research & Development,Life Sciences,Female,Manager,Married,19566
46,Research & Development,Medical,Female,Manufacturing Director,Divorced,4810
42,Research & Development,Technical Degree,Female,Healthcare Representative,Married,4523
24,Sales,Technical Degree,Female,Sales Representative,Single,3202
34,Sales,Marketing,Female,Sales Representative,Divorced,2351
38,Research & Development,Life Sciences,Male,Laboratory Technician,Married,1702
40,Sales,Life Sciences,Female,Manager,Married,18041
26,Research & Development,Life Sciences,Female,Research Scientist,Divorced,2886
30,Research & Development,Life Sciences,Male,Laboratory Technician,Married,2097
29,Research & Development,Medical,Male,Research Director,Married,11935
29,Research & Development,Technical Degree,Female,Research Scientist,Married,2546
19,Human Resources,Technical Degree,Male,Human Resources,Single,2564
30,Sales,Other,Female,Sales Executive,Married,8412
57,Sales,Marketing,Male,Manager,Divorced,14118
50,Research & Development,Life Sciences,Male,Manager,Married,17046
30,Research & Development,Medical,Female,Laboratory Technician,Single,2564
60,Sales,Marketing,Female,Sales Executive,Married,10266
47,Research & Development,Medical,Female,Manufacturing Director,Divorced,5070
46,Research & Development,Life Sciences,Male,Research Director,Married,17861
35,Research & Development,Life Sciences,Male,Laboratory Technician,Single,4230
54,Research & Development,Life Sciences,Female,Laboratory Technician,Single,3780
34,Research & Development,Life Sciences,Male,Research Scientist,Divorced,2768
46,Sales,Marketing,Female,Sales Executive,Married,9071
31,Research & Development,Life Sciences,Male,Manufacturing Director,Divorced,10648
33,Research & Development,Medical,Male,Manager,Married,13610
33,Research & Development,Medical,Male,Laboratory Technician,Divorced,3408
30,Sales,Marketing,Male,Sales Representative,Single,2983
35,Research & Development,Life Sciences,Male,Healthcare Representative,Married,7632
31,Research & Development,Life Sciences,Male,Healthcare Representative,Married,9824
34,Human Resources,Human Resources,Female,Human Resources,Divorced,9950
42,Research & Development,Other,Male,Laboratory Technician,Married,2093
36,Sales,Medical,Male,Sales Executive,Single,9980
22,Research & Development,Technical Degree,Male,Laboratory Technician,Single,3894
48,Sales,Marketing,Female,Sales Executive,Married,4051
55,Sales,Life Sciences,Female,Manager,Single,16835
41,Sales,Life Sciences,Male,Sales Executive,Single,6230
35,Sales,Marketing,Male,Sales Executive,Married,4717
40,Research & Development,Life Sciences,Female,Manufacturing Director,Single,13237
39,Research & Development,Life Sciences,Female,Laboratory Technician,Married,3755
31,Sales,Life Sciences,Male,Sales Executive,Single,6582
42,Research & Development,Medical,Male,Manufacturing Director,Married,7406
45,Sales,Other,Male,Sales Executive,Married,4805
26,Human Resources,Life Sciences,Female,Human Resources,Divorced,2741
29,Research & Development,Technical Degree,Male,Manufacturing Director,Divorced,4262
33,Research & Development,Medical,Female,Research Director,Divorced,16184
31,Sales,Life Sciences,Male,Manager,Divorced,11557
18,Sales,Marketing,Male,Sales Representative,Single,1878
40,Sales,Other,Male,Sales Executive,Divorced,10932
41,Research & Development,Other,Female,Healthcare Representative,Single,6811
26,Sales,Medical,Male,Sales Executive,Divorced,4306
35,Sales,Medical,Female,Sales Executive,Single,4859
34,Sales,Life Sciences,Male,Sales Executive,Single,5337
26,Research & Development,Technical Degree,Male,Laboratory Technician,Single,2340
37,Research & Development,Technical Degree,Female,Manufacturing Director,Single,7491
46,Research & Development,Medical,Female,Healthcare Representative,Married,10527
41,Sales,Life Sciences,Female,Manager,Married,16595
37,Sales,Medical,Male,Sales Executive,Divorced,8834
52,Research & Development,Technical Degree,Male,Research Scientist,Divorced,5577
32,Sales,Other,Male,Sales Executive,Married,4707
24,Sales,Medical,Male,Sales Representative,Married,2400
38,Research & Development,Medical,Female,Healthcare Representative,Married,9824
37,Research & Development,Life Sciences,Female,Manufacturing Director,Married,6447
49,Research & Development,Life Sciences,Male,Research Director,Divorced,19502
24,Research & Development,Medical,Male,Research Scientist,Married,2725
26,Sales,Marketing,Male,Sales Executive,Married,6272
24,Research & Development,Other,Male,Laboratory Technician,Married,2127
50,Human Resources,Medical,Male,Manager,Married,18200
25,Sales,Medical,Male,Sales Representative,Married,2096
24,Research & Development,Life Sciences,Female,Laboratory Technician,Married,2886
30,Sales,Life Sciences,Male,Sales Representative,Married,2033
34,Research & Development,Life Sciences,Male,Research Scientist,Married,3622
31,Sales,Medical,Male,Sales Executive,Divorced,4233
35,Research & Development,Other,Male,Laboratory Technician,Single,3681
31,Sales,Medical,Male,Sales Executive,Divorced,5460
27,Research & Development,Medical,Female,Research Scientist,Divorced,2187
37,Sales,Marketing,Male,Sales Executive,Married,9602
20,Research & Development,Life Sciences,Female,Research Scientist,Single,2836
42,Research & Development,Life Sciences,Female,Healthcare Representative,Married,4089
43,Research & Development,Other,Male,Research Director,Divorced,16627
38,Research & Development,Life Sciences,Female,Research Scientist,Single,2619
43,Research & Development,Medical,Male,Laboratory Technician,Divorced,5679
48,Research & Development,Life Sciences,Female,Manager,Married,15402
44,Human Resources,Life Sciences,Female,Human Resources,Single,5985
34,Sales,Technical Degree,Female,Sales Representative,Divorced,2579
27,Sales,Marketing,Male,Sales Representative,Divorced,3041
21,Sales,Technical Degree,Male,Sales Representative,Single,3447
44,Research & Development,Other,Male,Manager,Married,19513
22,Research & Development,Medical,Male,Research Scientist,Married,2773
33,Sales,Marketing,Male,Sales Executive,Divorced,7104
32,Research & Development,Life Sciences,Female,Research Scientist,Married,6322
30,Research & Development,Medical,Female,Research Scientist,Divorced,2083
53,Sales,Medical,Female,Sales Executive,Single,8381
34,Research & Development,Life Sciences,Male,Research Scientist,Married,2691
45,Sales,Life Sciences,Female,Sales Executive,Married,4286
26,Research & Development,Life Sciences,Female,Laboratory Technician,Married,2659
37,Research & Development,Other,Male,Manufacturing Director,Married,9434
29,Sales,Medical,Female,Sales Executive,Married,5561
35,Research & Development,Life Sciences,Male,Research Scientist,Single,6646
33,Research & Development,Life Sciences,Male,Healthcare Representative,Divorced,7725
54,Human Resources,Medical,Male,Human Resources,Married,10725
36,Research & Development,Medical,Male,Manufacturing Director,Divorced,8847
27,Research & Development,Medical,Male,Research Scientist,Single,2045
20,Research & Development,Medical,Male,Research Scientist,Single,1009
33,Research & Development,Life Sciences,Male,Research Scientist,Single,3348
35,Research & Development,Life Sciences,Male,Laboratory Technician,Married,1281
23,Research & Development,Medical,Male,Research Scientist,Married,2819
25,Sales,Life Sciences,Male,Sales Executive,Married,4851
38,Sales,Marketing,Female,Sales Executive,Single,4028
29,Research & Development,Life Sciences,Male,Research Scientist,Divorced,2720
48,Sales,Marketing,Male,Sales Executive,Married,8120
27,Sales,Medical,Female,Sales Executive,Divorced,4647
37,Research & Development,Life Sciences,Male,Research Scientist,Single,4680
50,Research & Development,Medical,Male,Laboratory Technician,Married,3221
34,Research & Development,Medical,Female,Healthcare Representative,Single,8621
24,Sales,Life Sciences,Female,Sales Executive,Single,4577
39,Research & Development,Technical Degree,Female,Healthcare Representative,Single,4553
32,Sales,Marketing,Male,Sales Executive,Single,5396
50,Sales,Technical Degree,Male,Sales Executive,Married,6796
38,Research & Development,Life Sciences,Female,Healthcare Representative,Single,7625
27,Research & Development,Life Sciences,Female,Manufacturing Director,Married,7412
32,Research & Development,Life Sciences,Female,Research Director,Single,11159
47,Sales,Marketing,Male,Sales Executive,Single,4960
40,Sales,Life Sciences,Male,Sales Executive,Married,10475
53,Research & Development,Life Sciences,Male,Research Director,Married,14814
41,Human Resources,Human Resources,Male,Manager,Divorced,19141
60,Sales,Marketing,Male,Sales Executive,Single,5405
27,Research & Development,Life Sciences,Male,Manufacturing Director,Divorced,8793
41,Human Resources,Human Resources,Male,Manager,Married,19189
50,Sales,Marketing,Male,Sales Representative,Married,3875
28,Research & Development,Life Sciences,Female,Research Scientist,Single,2216
36,Research & Development,Life Sciences,Female,Research Director,Married,11713
38,Research & Development,Life Sciences,Female,Manufacturing Director,Single,7861
44,Research & Development,Medical,Male,Laboratory Technician,Single,3708
47,Sales,Medical,Female,Sales Executive,Divorced,13770
30,Sales,Marketing,Male,Sales Executive,Divorced,5304
29,Sales,Life Sciences,Male,Sales Representative,Single,2642
42,Research & Development,Medical,Male,Research Scientist,Divorced,2759
43,Sales,Life Sciences,Male,Sales Executive,Married,6804
34,Research & Development,Medical,Female,Healthcare Representative,Single,6142
23,Research & Development,Medical,Male,Laboratory Technician,Married,2500
39,Human Resources,Human Resources,Female,Human Resources,Married,6389
56,Research & Development,Medical,Male,Healthcare Representative,Married,11103
40,Research & Development,Medical,Female,Research Scientist,Single,2342
27,Research & Development,Medical,Female,Healthcare Representative,Single,6811
29,Sales,Marketing,Male,Sales Representative,Divorced,2297
53,Research & Development,Life Sciences,Male,Laboratory Technician,Single,2450
35,Research & Development,Life Sciences,Female,Healthcare Representative,Divorced,5093
32,Research & Development,Life Sciences,Male,Laboratory Technician,Married,5309
38,Research & Development,Medical,Male,Research Scientist,Married,3057
34,Research & Development,Life Sciences,Female,Manufacturing Director,Divorced,5121
52,Sales,Marketing,Male,Manager,Married,16856
33,Research & Development,Other,Male,Research Scientist,Single,2686
25,Sales,Medical,Female,Sales Executive,Single,6180
45,Sales,Technical Degree,Male,Sales Representative,Single,6632
23,Research & Development,Medical,Male,Research Scientist,Single,3505
47,Sales,Life Sciences,Female,Sales Executive,Single,6397
34,Sales,Other,Male,Sales Executive,Single,6274
55,Research & Development,Medical,Male,Manager,Married,19859
36,Sales,Life Sciences,Male,Sales Executive,Single,7587
52,Research & Development,Medical,Male,Research Scientist,Married,4258
26,Research & Development,Life Sciences,Female,Laboratory Technician,Divorced,4364
29,Research & Development,Medical,Female,Healthcare Representative,Married,4335
26,Sales,Technical Degree,Male,Sales Executive,Single,5326
34,Research & Development,Life Sciences,Female,Research Scientist,Single,3280
54,Research & Development,Medical,Female,Manufacturing Director,Divorced,5485
27,Sales,Marketing,Male,Sales Executive,Married,4342
37,Research & Development,Life Sciences,Female,Research Scientist,Divorced,2782
38,Research & Development,Life Sciences,Female,Manufacturing Director,Single,5980
34,Research & Development,Medical,Female,Research Scientist,Single,4381
35,Sales,Life Sciences,Female,Sales Representative,Married,2572
30,Research & Development,Life Sciences,Male,Laboratory Technician,Married,3833
40,Research & Development,Medical,Female,Healthcare Representative,Married,4244
34,Sales,Life Sciences,Female,Sales Executive,Married,6500
42,Research & Development,Life Sciences,Male,Manager,Divorced,18430
23,Research & Development,Life Sciences,Male,Laboratory Technician,Married,1601
24,Research & Development,Life Sciences,Male,Laboratory Technician,Divorced,2694
52,Research & Development,Life Sciences,Female,Laboratory Technician,Married,3149
50,Research & Development,Medical,Male,Research Director,Married,17639
29,Research & Development,Life Sciences,Female,Laboratory Technician,Married,2319
33,Research & Development,Medical,Male,Research Director,Married,11691
33,Sales,Marketing,Female,Sales Executive,Single,5324
47,Research & Development,Other,Female,Manager,Married,16752
36,Research & Development,Other,Female,Manufacturing Director,Married,5228
29,Research & Development,Life Sciences,Male,Research Scientist,Married,2700
58,Research & Development,Life Sciences,Male,Research Director,Single,19246
35,Research & Development,Life Sciences,Female,Research Scientist,Single,2506
42,Research & Development,Life Sciences,Female,Manufacturing Director,Married,6062
28,Research & Development,Medical,Male,Research Scientist,Single,4382
36,Human Resources,Human Resources,Male,Human Resources,Married,2143
32,Research & Development,Life Sciences,Female,Manufacturing Director,Married,6162
40,Research & Development,Medical,Male,Laboratory Technician,Single,5094
30,Research & Development,Medical,Female,Manufacturing Director,Single,6877
45,Research & Development,Life Sciences,Female,Research Scientist,Single,2274
42,Research & Development,Life Sciences,Male,Manufacturing Director,Married,4434
38,Research & Development,Life Sciences,Male,Healthcare Representative,Divorced,6288
34,Research & Development,Life Sciences,Female,Research Scientist,Single,2553
49,Sales,Marketing,Female,Sales Executive,Married,7654
55,Sales,Medical,Male,Sales Executive,Single,5160
43,Research & Development,Life Sciences,Male,Research Director,Married,17159
27,Research & Development,Technical Degree,Male,Research Director,Divorced,12808
35,Research & Development,Other,Male,Manufacturing Director,Single,10221
28,Sales,Marketing,Female,Sales Executive,Married,4779
34,Human Resources,Human Resources,Male,Human Resources,Married,3737
26,Research & Development,Medical,Female,Research Scientist,Married,2366
27,Research & Development,Medical,Male,Research Scientist,Married,1706
51,Sales,Marketing,Female,Manager,Married,16307
44,Research & Development,Medical,Male,Healthcare Representative,Single,5933
25,Research & Development,Medical,Male,Research Scientist,Single,3424
33,Sales,Medical,Male,Sales Executive,Divorced,4037
35,Research & Development,Medical,Female,Research Scientist,Single,2559
36,Sales,Life Sciences,Male,Sales Executive,Married,6201
32,Sales,Life Sciences,Male,Sales Executive,Divorced,4403
30,Research & Development,Life Sciences,Male,Research Scientist,Divorced,3761
53,Sales,Marketing,Female,Sales Executive,Married,10934
45,Sales,Marketing,Male,Sales Executive,Divorced,10761
32,Research & Development,Medical,Female,Research Scientist,Married,5175
52,Research & Development,Medical,Female,Manufacturing Director,Married,13826
37,Sales,Marketing,Male,Sales Executive,Divorced,6334
28,Human Resources,Medical,Male,Human Resources,Divorced,4936
22,Research & Development,Life Sciences,Male,Manufacturing Director,Married,4775
44,Research & Development,Life Sciences,Male,Laboratory Technician,Married,2818
42,Research & Development,Medical,Male,Research Scientist,Single,2515
36,Human Resources,Life Sciences,Male,Human Resources,Married,2342
25,Sales,Other,Male,Sales Executive,Married,4194
35,Research & Development,Life Sciences,Female,Manufacturing Director,Married,10685
35,Research & Development,Life Sciences,Female,Research Scientist,Divorced,2022
32,Research & Development,Life Sciences,Male,Laboratory Technician,Divorced,2314
25,Sales,Marketing,Male,Sales Executive,Married,4256
49,Research & Development,Technical Degree,Female,Research Scientist,Married,3580
24,Research & Development,Life Sciences,Male,Laboratory Technician,Married,3162
32,Sales,Life Sciences,Male,Sales Executive,Married,6524
38,Sales,Marketing,Male,Sales Representative,Married,2899
42,Research & Development,Life Sciences,Female,Laboratory Technician,Married,5231
31,Research & Development,Life Sciences,Male,Research Scientist,Married,2356
29,Sales,Medical,Female,Sales Representative,Divorced,2800
53,Sales,Marketing,Male,Sales Executive,Married,11836
35,Research & Development,Technical Degree,Male,Manufacturing Director,Married,10903
37,Sales,Medical,Female,Sales Representative,Married,2973
53,Research & Development,Life Sciences,Female,Research Director,Single,14275
43,Research & Development,Life Sciences,Female,Healthcare Representative,Married,5562
47,Sales,Marketing,Female,Sales Executive,Married,4537
37,Sales,Medical,Male,Sales Executive,Single,7642
50,Research & Development,Life Sciences,Male,Manager,Divorced,17924
39,Human Resources,Life Sciences,Female,Human Resources,Married,5204
33,Human Resources,Human Resources,Male,Human Resources,Divorced,2277
32,Research & Development,Life Sciences,Male,Laboratory Technician,Single,2795
29,Research & Development,Medical,Female,Laboratory Technician,Divorced,2532
44,Research & Development,Life Sciences,Male,Research Scientist,Married,2559
28,Sales,Medical,Male,Sales Executive,Single,4908
58,Research & Development,Life Sciences,Male,Laboratory Technician,Divorced,2380
43,Research & Development,Life Sciences,Female,Manufacturing Director,Divorced,4765
20,Sales,Medical,Female,Sales Representative,Single,2044
21,Research & Development,Other,Female,Research Scientist,Single,2693
36,Research & Development,Life Sciences,Male,Healthcare Representative,Married,6586
47,Sales,Life Sciences,Female,Sales Representative,Single,3294
22,Research & Development,Life Sciences,Female,Manufacturing Director,Married,4171
41,Research & Development,Life Sciences,Female,Laboratory Technician,Divorced,2778
28,Research & Development,Medical,Female,Research Scientist,Divorced,2377
39,Research & Development,Medical,Male,Laboratory Technician,Married,2404
27,Research & Development,Life Sciences,Female,Research Scientist,Single,2318
34,Research & Development,Life Sciences,Male,Laboratory Technician,Divorced,2008
42,Sales,Medical,Female,Sales Executive,Single,6244
33,Research & Development,Other,Male,Research Scientist,Single,2799
58,Research & Development,Technical Degree,Female,Healthcare Representative,Divorced,10552
31,Sales,Life Sciences,Male,Sales Representative,Married,2329
35,Research & Development,Life Sciences,Female,Healthcare Representative,Married,4014
49,Research & Development,Other,Female,Laboratory Technician,Married,7403
48,Research & Development,Medical,Male,Research Scientist,Married,2259
31,Sales,Marketing,Female,Sales Executive,Married,6932
36,Research & Development,Other,Male,Research Scientist,Single,4678
38,Research & Development,Technical Degree,Female,Research Director,Married,13582
32,Research & Development,Life Sciences,Female,Laboratory Technician,Married,2332
25,Sales,Marketing,Male,Sales Representative,Married,2413
40,Sales,Marketing,Male,Sales Executive,Divorced,9705
26,Sales,Medical,Male,Sales Executive,Single,4294
41,Research & Development,Medical,Male,Laboratory Technician,Single,4721
36,Research & Development,Medical,Male,Laboratory Technician,Single,2519
19,Sales,Other,Male,Sales Representative,Single,2121
20,Research & Development,Technical Degree,Male,Laboratory Technician,Single,2973
31,Research & Development,Medical,Female,Healthcare Representative,Married,5855
40,Research & Development,Medical,Male,Research Scientist,Divorced,3617
32,Research & Development,Medical,Female,Manufacturing Director,Married,6725
36,Sales,Life Sciences,Male,Sales Executive,Married,10325
33,Research & Development,Life Sciences,Female,Healthcare Representative,Single,6949
37,Sales,Life Sciences,Male,Sales Executive,Married,10609
45,Research & Development,Life Sciences,Male,Laboratory Technician,Married,4447
29,Sales,Technical Degree,Female,Sales Representative,Married,2157
35,Sales,Medical,Female,Sales Executive,Married,4601
52,Research & Development,Life Sciences,Male,Manager,Married,17099
58,Research & Development,Technical Degree,Male,Research Scientist,Single,2479
53,Sales,Medical,Male,Manager,Divorced,14852
30,Sales,Other,Male,Sales Executive,Divorced,7264
38,Sales,Technical Degree,Female,Sales Executive,Single,5666
35,Sales,Life Sciences,Male,Sales Executive,Divorced,7823
39,Sales,Life Sciences,Male,Sales Executive,Single,7880
40,Sales,Life Sciences,Female,Sales Executive,Single,13194
47,Research & Development,Medical,Male,Manufacturing Director,Divorced,5067
36,Sales,Technical Degree,Male,Sales Executive,Divorced,5079
31,Research & Development,Medical,Male,Research Scientist,Single,2321
33,Sales,Life Sciences,Male,Manager,Single,17444
29,Research & Development,Life Sciences,Female,Research Scientist,Single,2404
33,Research & Development,Life Sciences,Female,Research Scientist,Single,3452
45,Research & Development,Medical,Female,Laboratory Technician,Divorced,2270
50,Research & Development,Medical,Male,Research Director,Divorced,17399
33,Research & Development,Other,Female,Healthcare Representative,Married,5488
41,Research & Development,Medical,Male,Research Director,Divorced,19419
27,Research & Development,Technical Degree,Female,Laboratory Technician,Married,2811
45,Research & Development,Life Sciences,Male,Laboratory Technician,Married,3633
47,Sales,Life Sciences,Female,Sales Executive,Single,4163
30,Research & Development,Life Sciences,Female,Research Scientist,Married,2132
50,Research & Development,Life Sciences,Male,Manufacturing Director,Married,13973
38,Research & Development,Medical,Male,Research Scientist,Married,2684
46,Research & Development,Medical,Male,Manufacturing Director,Divorced,10845
24,Research & Development,Medical,Female,Manufacturing Director,Divorced,4377
35,Research & Development,Other,Male,Laboratory Technician,Divorced,3743
31,Research & Development,Life Sciences,Female,Manufacturing Director,Married,4148
18,Research & Development,Life Sciences,Male,Research Scientist,Single,1051
54,Research & Development,Technical Degree,Female,Manufacturing Director,Married,10739
35,Research & Development,Medical,Female,Healthcare Representative,Divorced,10388
30,Research & Development,Life Sciences,Female,Research Director,Married,11416
20,Research & Development,Medical,Female,Research Scientist,Single,2600
30,Research & Development,Medical,Female,Laboratory Technician,Single,2422
26,Research & Development,Medical,Male,Manufacturing Director,Married,5472
22,Research & Development,Life Sciences,Male,Laboratory Technician,Married,2451
48,Research & Development,Life Sciences,Male,Healthcare Representative,Single,4240
48,Research & Development,Life Sciences,Male,Healthcare Representative,Single,10999
41,Research & Development,Medical,Female,Manufacturing Director,Single,5003
39,Research & Development,Life Sciences,Female,Manufacturing Director,Married,12742
27,Research & Development,Life Sciences,Female,Manufacturing Director,Married,4227
35,Research & Development,Other,Male,Laboratory Technician,Divorced,3917
42,Sales,Marketing,Male,Manager,Married,18303
50,Research & Development,Life Sciences,Male,Laboratory Technician,Married,2380
59,Research & Development,Life Sciences,Female,Manufacturing Director,Single,13726
37,Research & Development,Medical,Female,Healthcare Representative,Married,4777
55,Research & Development,Medical,Male,Healthcare Representative,Married,6385
41,Research & Development,Life Sciences,Female,Research Director,Divorced,19973
38,Sales,Life Sciences,Male,Sales Executive,Single,6861
26,Sales,Medical,Male,Sales Executive,Single,4969
52,Sales,Marketing,Female,Manager,Married,19845
44,Sales,Medical,Female,Sales Executive,Married,13320
50,Sales,Life Sciences,Female,Sales Executive,Married,6347
36,Research & Development,Life Sciences,Female,Laboratory Technician,Single,2743
39,Research & Development,Medical,Female,Manufacturing Director,Single,10880
33,Sales,Life Sciences,Female,Sales Representative,Single,2342
45,Sales,Life Sciences,Female,Manager,Married,17650
32,Research & Development,Medical,Female,Laboratory Technician,Single,4025
34,Sales,Marketing,Male,Sales Executive,Divorced,9725
59,Sales,Technical Degree,Male,Manager,Married,11904
45,Human Resources,Medical,Male,Human Resources,Single,2177
53,Sales,Marketing,Female,Sales Executive,Married,7525
36,Research & Development,Other,Male,Laboratory Technician,Divorced,4834
26,Research & Development,Life Sciences,Male,Research Scientist,Married,2042
34,Sales,Life Sciences,Female,Sales Representative,Married,2220
28,Sales,Medical,Male,Sales Representative,Married,1052
38,Research & Development,Other,Male,Research Scientist,Married,2821
50,Research & Development,Medical,Male,Research Director,Married,19237
37,Research & Development,Other,Female,Healthcare Representative,Single,4107
40,Sales,Marketing,Male,Sales Executive,Married,8396
26,Research & Development,Medical,Female,Research Scientist,Divorced,2007
46,Research & Development,Medical,Male,Research Director,Divorced,19627
54,Sales,Life Sciences,Female,Sales Executive,Married,10686
56,Research & Development,Medical,Female,Research Scientist,Married,2942
36,Research & Development,Medical,Female,Manufacturing Director,Single,8858
55,Research & Development,Medical,Male,Manager,Single,16756
43,Sales,Medical,Male,Sales Executive,Divorced,10798
20,Sales,Marketing,Female,Sales Representative,Single,2323
21,Research & Development,Life Sciences,Female,Laboratory Technician,Single,1416
46,Research & Development,Life Sciences,Female,Research Scientist,Divorced,4615
51,Research & Development,Life Sciences,Male,Research Scientist,Married,2461
28,Research & Development,Technical Degree,Male,Healthcare Representative,Single,8722
26,Research & Development,Medical,Male,Laboratory Technician,Married,3955
30,Research & Development,Other,Male,Manufacturing Director,Married,9957
41,Research & Development,Technical Degree,Female,Research Scientist,Married,3376
38,Research & Development,Life Sciences,Female,Healthcare Representative,Married,8823
40,Research & Development,Technical Degree,Male,Healthcare Representative,Married,10322
27,Research & Development,Life Sciences,Male,Laboratory Technician,Married,4621
55,Research & Development,Life Sciences,Male,Manufacturing Director,Married,10976
28,Research & Development,Other,Female,Research Scientist,Single,3660
44,Human Resources,Medical,Male,Human Resources,Married,10482
33,Research & Development,Life Sciences,Male,Healthcare Representative,Divorced,7119
35,Sales,Technical Degree,Male,Sales Executive,Single,9582
33,Research & Development,Medical,Female,Research Scientist,Single,4508
28,Research & Development,Life Sciences,Male,Laboratory Technician,Divorced,2207
34,Research & Development,Life Sciences,Male,Healthcare Representative,Single,7756
37,Sales,Life Sciences,Female,Sales Executive,Divorced,6694
25,Research & Development,Technical Degree,Male,Laboratory Technician,Married,3691
26,Research & Development,Medical,Male,Laboratory Technician,Divorced,2377
33,Research & Development,Medical,Male,Research Scientist,Single,2313
42,Research & Development,Medical,Male,Manager,Married,17665
28,Research & Development,Medical,Male,Laboratory Technician,Divorced,2596
50,Sales,Other,Male,Sales Executive,Single,4728
33,Sales,Life Sciences,Female,Sales Executive,Married,4302
34,Research & Development,Life Sciences,Male,Research Scientist,Married,2979
48,Research & Development,Medical,Male,Manager,Single,16885
45,Sales,Life Sciences,Female,Sales Executive,Married,5593
52,Research & Development,Life Sciences,Male,Healthcare Representative,Single,10445
38,Sales,Marketing,Male,Sales Executive,Divorced,8740
29,Research & Development,Life Sciences,Female,Research Scientist,Divorced,2514
28,Research & Development,Medical,Female,Manufacturing Director,Divorced,7655
46,Sales,Marketing,Male,Manager,Married,17465
38,Sales,Marketing,Male,Sales Executive,Single,7351
43,Research & Development,Life Sciences,Female,Manufacturing Director,Married,10820
39,Research & Development,Life Sciences,Male,Healthcare Representative,Divorced,12169
40,Research & Development,Medical,Male,Research Director,Single,19626
21,Research & Development,Technical Degree,Female,Research Scientist,Single,2070
39,Research & Development,Life Sciences,Male,Laboratory Technician,Single,6782
36,Research & Development,Life Sciences,Male,Manufacturing Director,Single,7779
31,Sales,Life Sciences,Male,Sales Representative,Married,2791
28,Research & Development,Life Sciences,Male,Research Scientist,Married,3201
35,Sales,Marketing,Male,Sales Executive,Divorced,4968
49,Sales,Technical Degree,Male,Sales Executive,Married,13120
34,Research & Development,Life Sciences,Male,Manufacturing Director,Single,4033
29,Research & Development,Life Sciences,Female,Research Scientist,Divorced,3291
42,Research & Development,Medical,Male,Laboratory Technician,Single,4272
29,Research & Development,Medical,Male,Manufacturing Director,Married,5056
38,Human Resources,Human Resources,Male,Human Resources,Married,2844
28,Research & Development,Life Sciences,Male,Research Scientist,Divorced,2703
18,Research & Development,Medical,Male,Laboratory Technician,Single,1904
33,Sales,Marketing,Female,Sales Executive,Single,8224
41,Research & Development,Life Sciences,Male,Laboratory Technician,Married,4766
31,Research & Development,Medical,Male,Laboratory Technician,Married,2610
37,Research & Development,Medical,Female,Healthcare Representative,Divorced,5731
27,Research & Development,Life Sciences,Male,Research Scientist,Married,2539
34,Sales,Life Sciences,Female,Sales Executive,Married,5714
35,Human Resources,Technical Degree,Male,Human Resources,Single,4323
29,Sales,Life Sciences,Female,Sales Executive,Married,7336
40,Research & Development,Medical,Female,Research Director,Single,13499
42,Sales,Life Sciences,Male,Sales Executive,Single,13758
42,Sales,Marketing,Male,Sales Executive,Single,5155
35,Research & Development,Medical,Male,Laboratory Technician,Married,2258
24,Research & Development,Medical,Male,Laboratory Technician,Single,3597
28,Research & Development,Life Sciences,Female,Laboratory Technician,Married,2515
26,Research & Development,Medical,Male,Laboratory Technician,Married,4420
30,Sales,Marketing,Male,Sales Executive,Married,6578
40,Research & Development,Medical,Female,Research Scientist,Married,4422
35,Research & Development,Life Sciences,Male,Manufacturing Director,Divorced,10274
34,Research & Development,Medical,Male,Healthcare Representative,Single,5343
35,Research & Development,Other,Male,Laboratory Technician,Married,2376
43,Sales,Marketing,Female,Sales Executive,Single,5346
32,Sales,Life Sciences,Female,Sales Representative,Divorced,2827
56,Research & Development,Technical Degree,Female,Manager,Divorced,19943
29,Research & Development,Medical,Female,Laboratory Technician,Married,3131
19,Research & Development,Life Sciences,Male,Research Scientist,Single,2552
45,Research & Development,Medical,Female,Research Scientist,Married,4477
37,Research & Development,Life Sciences,Female,Manufacturing Director,Married,6474
20,Research & Development,Life Sciences,Male,Laboratory Technician,Single,3033
44,Research & Development,Life Sciences,Male,Research Scientist,Single,2936
53,Research & Development,Medical,Female,Manager,Divorced,18606
29,Research & Development,Life Sciences,Female,Research Scientist,Married,2168
22,Research & Development,Life Sciences,Male,Research Scientist,Married,2853
46,Sales,Marketing,Female,Manager,Married,17048
44,Research & Development,Life Sciences,Male,Research Scientist,Single,2290
33,Human Resources,Human Resources,Male,Human Resources,Married,3600
41,Research & Development,Life Sciences,Male,Research Scientist,Divorced,2107
30,Sales,Life Sciences,Male,Sales Executive,Divorced,4115
40,Sales,Medical,Male,Sales Executive,Married,4327
50,Research & Development,Medical,Female,Manager,Married,17856
28,Research & Development,Medical,Male,Laboratory Technician,Married,3196
46,Research & Development,Life Sciences,Male,Research Director,Married,19081
35,Sales,Life Sciences,Male,Sales Executive,Married,8966
24,Research & Development,Life Sciences,Female,Laboratory Technician,Married,2210
33,Sales,Medical,Female,Sales Executive,Married,4539
36,Research & Development,Life Sciences,Male,Laboratory Technician,Divorced,2741
30,Research & Development,Life Sciences,Male,Laboratory Technician,Divorced,3491
44,Research & Development,Other,Male,Research Scientist,Single,4541
20,Sales,Marketing,Male,Sales Representative,Single,2678
46,Research & Development,Technical Degree,Male,Manufacturing Director,Divorced,7379
42,Human Resources,Medical,Male,Human Resources,Married,6272
60,Sales,Marketing,Male,Sales Executive,Divorced,5220
32,Research & Development,Other,Female,Laboratory Technician,Married,2743
32,Research & Development,Life Sciences,Female,Research Scientist,Single,4998
36,Research & Development,Technical Degree,Female,Manufacturing Director,Divorced,10252
33,Research & Development,Medical,Male,Research Scientist,Married,2781
40,Sales,Technical Degree,Female,Sales Executive,Divorced,6852
25,Sales,Life Sciences,Male,Sales Executive,Single,4950
30,Research & Development,Medical,Male,Research Scientist,Married,3579
42,Research & Development,Medical,Female,Research Director,Married,13191
35,Sales,Marketing,Female,Sales Executive,Married,10377
27,Research & Development,Life Sciences,Male,Research Scientist,Married,2235
54,Research & Development,Life Sciences,Female,Manufacturing Director,Divorced,10502
44,Research & Development,Life Sciences,Female,Research Scientist,Married,2011
19,Research & Development,Medical,Female,Research Scientist,Single,1859
29,Research & Development,Life Sciences,Female,Research Scientist,Divorced,3760
54,Research & Development,Life Sciences,Male,Research Director,Married,17779
31,Research & Development,Medical,Male,Healthcare Representative,Married,6833
31,Research & Development,Medical,Female,Healthcare Representative,Single,6812
59,Sales,Life Sciences,Female,Sales Executive,Single,5171
43,Research & Development,Life Sciences,Male,Research Director,Married,19740
49,Research & Development,Medical,Male,Manager,Married,18711
36,Research & Development,Technical Degree,Male,Research Scientist,Married,3692
48,Research & Development,Technical Degree,Male,Laboratory Technician,Single,2559
27,Research & Development,Life Sciences,Male,Research Scientist,Divorced,2517
29,Research & Development,Life Sciences,Male,Healthcare Representative,Divorced,6623
48,Research & Development,Life Sciences,Male,Research Director,Single,18265
29,Research & Development,Life Sciences,Female,Research Director,Divorced,16124
34,Research & Development,Technical Degree,Female,Research Scientist,Married,2585
44,Sales,Marketing,Male,Manager,Married,18213
33,Sales,Marketing,Male,Sales Executive,Divorced,8380
19,Research & Development,Life Sciences,Female,Research Scientist,Single,2994
23,Research & Development,Life Sciences,Male,Research Scientist,Married,1223
25,Sales,Life Sciences,Male,Sales Representative,Single,1118
26,Research & Development,Life Sciences,Male,Research Scientist,Single,2875
45,Sales,Marketing,Female,Manager,Single,18824
55,Research & Development,Medical,Male,Healthcare Representative,Divorced,13577
21,Research & Development,Life Sciences,Female,Laboratory Technician,Single,2625
46,Sales,Marketing,Female,Manager,Married,18789
34,Sales,Marketing,Female,Sales Executive,Single,4538
51,Sales,Life Sciences,Male,Manager,Divorced,19847
59,Research & Development,Medical,Male,Manufacturing Director,Single,10512
34,Research & Development,Medical,Female,Laboratory Technician,Divorced,4444
28,Research & Development,Medical,Male,Laboratory Technician,Single,2154
44,Research & Development,Life Sciences,Male,Manager,Divorced,19190
34,Human Resources,Life Sciences,Male,Human Resources,Married,4490
35,Research & Development,Life Sciences,Male,Research Scientist,Married,3506
42,Research & Development,Medical,Female,Research Scientist,Married,2372
43,Sales,Marketing,Female,Sales Executive,Single,10231
36,Research & Development,Life Sciences,Female,Manufacturing Director,Single,5410
44,Research & Development,Medical,Female,Healthcare Representative,Married,7978
28,Research & Development,Life Sciences,Male,Laboratory Technician,Married,3867
51,Research & Development,Medical,Female,Laboratory Technician,Single,2838
30,Research & Development,Medical,Female,Manufacturing Director,Single,4695
29,Research & Development,Technical Degree,Female,Laboratory Technician,Divorced,3339
28,Research & Development,Technical Degree,Male,Research Scientist,Single,2080
25,Research & Development,Medical,Female,Research Scientist,Single,2096
32,Sales,Medical,Male,Sales Executive,Married,6209
45,Research & Development,Medical,Female,Manager,Single,18061
39,Research & Development,Medical,Female,Manager,Divorced,17123
58,Research & Development,Life Sciences,Male,Research Scientist,Divorced,2372
32,Research & Development,Life Sciences,Male,Laboratory Technician,Married,4883
39,Research & Development,Medical,Male,Research Scientist,Single,3904
30,Research & Development,Technical Degree,Female,Laboratory Technician,Married,4627
36,Research & Development,Technical Degree,Female,Healthcare Representative,Married,7094
46,Human Resources,Life Sciences,Female,Human Resources,Single,3423
28,Research & Development,Life Sciences,Female,Laboratory Technician,Married,6674
50,Research & Development,Life Sciences,Female,Research Director,Married,16880
40,Sales,Marketing,Male,Sales Executive,Single,9094
52,Sales,Life Sciences,Male,Sales Executive,Single,8446
30,Research & Development,Medical,Female,Manager,Married,11916
39,Research & Development,Life Sciences,Male,Manufacturing Director,Single,4534
31,Sales,Life Sciences,Female,Sales Executive,Divorced,9852
41,Sales,Medical,Male,Sales Executive,Single,6151
31,Sales,Life Sciences,Female,Sales Representative,Single,2302
44,Research & Development,Life Sciences,Male,Laboratory Technician,Married,2362
42,Research & Development,Life Sciences,Male,Manager,Married,17861
55,Research & Development,Medical,Female,Manager,Married,19187
56,Human Resources,Life Sciences,Male,Manager,Single,19717
40,Research & Development,Life Sciences,Male,Research Scientist,Divorced,3544
34,Research & Development,Life Sciences,Male,Healthcare Representative,Divorced,8500
40,Research & Development,Life Sciences,Male,Research Scientist,Single,4661
41,Sales,Marketing,Female,Sales Executive,Divorced,4103
35,Research & Development,Life Sciences,Male,Research Scientist,Single,4249
51,Human Resources,Life Sciences,Male,Manager,Divorced,14026
38,Sales,Life Sciences,Female,Sales Executive,Divorced,6893
34,,Medical,Female,Sales Executive,Single,6125
25,Research & Development,Medical,Male,Laboratory Technician,Married,3669
58,Research & Development,Medical,Female,Manufacturing Director,Married,10008
40,Research & Development,Life Sciences,Male,Laboratory Technician,Married,2387
36,Sales,Marketing,Female,Sales Executive,Married,4639
48,Research & Development,Life Sciences,Male,Manufacturing Director,Single,7898
27,Sales,Medical,Female,Sales Representative,Married,2534
51,Research & Development,,Female,Manufacturing Director,Single,13142
18,Research & Development,Life Sciences,Female,Laboratory Technician,Single,1611
35,,Medical,Female,,Married,5363
27,Sales,Life Sciences,Male,Sales Executive,Single,5071
55,Sales,Marketing,Male,Sales Executive,Single,13695
56,Research & Development,Life Sciences,Male,Manufacturing Director,Married,13402
34,Research & Development,Technical Degree,Female,Research Scientist,Divorced,2029
40,Research & Development,Medical,Female,Healthcare Representative,Divorced,6377
34,Research & Development,Medical,Male,Laboratory Technician,Married,5429
31,Sales,Life Sciences,,Sales Representative,Single,2785
35,Sales,Marketing,Female,Sales Executive,Married,4614
38,Research & Development,Life Sciences,Male,Research Scientist,Divorced,2610
34,Research & Development,Technical Degree,Female,Healthcare Representative,Single,6687
28,Sales,Life Sciences,Male,Sales Executive,Married,4724
31,Research & Development,Medical,Male,Manufacturing Director,Married,6179
39,,,Male,Sales Executive,Married,6120
51,Sales,Marketing,Male,Sales Executive,Married,10596
41,Research & Development,Life Sciences,Female,Research Scientist,Divorced,5467
37,Research & Development,Life Sciences,Male,Research Scientist,Married,2996
33,Sales,Life Sciences,Male,Sales Executive,Married,9998
32,Sales,Marketing,Male,,Married,4078
39,Research & Development,Life Sciences,Male,Healthcare Representative,Married,10920
25,Sales,Life Sciences,,Sales Executive,Married,6232
52,,Medical,Female,Manufacturing Director,,13247
43,Research & Development,Medical,Female,Research Scientist,Single,4081
27,Sales,Marketing,Female,Sales Executive,Married,5769
27,Research & Development,Life Sciences,Female,Research Scientist,Single,2394
